Land;Vorname;Nachname;Geschlecht;Email;Telefonnummer;Straße;PLZ;Ort
Deutschland;Michaela;Meister;männlich;kuehnertulla@example.net;07448529118;Stolzegasse 4/2;34710;Vilsbiburg
Deutschland;Raymond;Conradi;männlich;ajopich@example.org;(04262) 235833;Reichmannweg 68;91403;Monschau
Deutschland;Katja;Butte;weiblich;truppkatharine@example.org;+49 (0) 4560 290611;Raisa-Kostolzin-Ring 7/8;92594;Wiedenbrück
Deutschland;Romy;Juncken;männlich;grein-grothernst@example.net;+49 (0) 6486 296451;Ladeckallee 220;00924;Uffenheim
Deutschland;Siegmar;Pechel;weiblich;patriciajacobi-jaeckel@example.com;+49(0) 758066065;Dietlinde-Seifert-Weg 492;67551;Eberswalde
Deutschland;Arthur;Niemeier;männlich;eckhardtmuelichen@example.com;03547 121418;Ljudmila-Beier-Gasse 575;10209;Schwäbisch Gmünd
Deutschland;Jochen;Dörr;männlich;barkholzkarl@example.com;(02762) 662375;Kochstr. 7;53635;Suhl
Deutschland;Wally;Jacobi Jäckel;männlich;hertrampffrank-michael@example.net;02571 73407;Canan-Rohleder-Gasse 02;27299;Norden
Deutschland;Angelika;Rohleder;männlich;erdogan24@example.org;(07034) 148926;Thaddäus-Trommler-Allee 4/0;93006;Anklam
Deutschland;Zeljko;Hornich;männlich;benthinharold@example.net;01738 640140;Geißlerstraße 619;28164;Dinkelsbühl
Deutschland;Roy;Trapp;männlich;britt55@example.net;+49(0)4689671454;Heintzestr. 0/7;93052;Sigmaringen
Deutschland;Sinaida;Ebert;weiblich;weissviktoria@example.net;(03910) 14485;Patbergstraße 7/4;47795;Wurzen
Deutschland;Lili;Rogge;männlich;ptrub@example.com;+49(0)8321 644829;Ayse-Knappe-Platz 9;17218;Bergzabern
Deutschland;Marita;Kade;männlich;ikoehler@example.org;03816 86447;Bohnbachgasse 6/9;86976;Görlitz
Deutschland;Laurenz;Reuter;männlich;philippeschaaf@example.com;09221166972;Josip-Nerger-Platz 425;96219;Großenhain
Deutschland;Wencke;Haase;weiblich;etzlergerd@example.com;04576 37785;Gertraud-Bohlander-Allee 98;27416;Rockenhausen
Deutschland;Winfried;Schleich;männlich;miguel51@example.com;00742 709305;Antonio-Lachmann-Weg 1/7;41588;Roding
Deutschland;Orhan;Rogge;weiblich;bergerjuri@example.org;06081 160501;Dietzweg 337;00902;Bad Langensalza
Deutschland;Cordula;Schaaf;männlich;cordulahoffmann@example.com;(00443) 294316;Heckergasse 5/8;66705;Diepholz
Deutschland;Rosalia;Hövel;männlich;irogge@example.com;05625 662728;Curt-Jäkel-Weg 3/5;16930;Beeskow
Deutschland;Sevim;Martin;männlich;muellerjanette@example.org;02327566763;Hilmar-Hövel-Platz 5/4;60096;Hohenstein-Ernstthal
Deutschland;Heinz-Jürgen;Conradi;weiblich;jaentschhans-juergen@example.net;+49(0) 739060312;Marleen-Wulff-Gasse 5/8;84668;Sigmaringen
Deutschland;Alwina;Schenk;weiblich;jacobi-jaeckelron@example.com;00239491845;Gerhild-Tröst-Ring 6;78282;Kyritz
Deutschland;Fredo;Krause;weiblich;sedat11@example.net;0708869774;Kühnertallee 1;92197;Haldensleben
Deutschland;Karl-Peter;Junck;männlich;vmuehle@example.com;03540 002504;Dussen vanstraße 53;44360;Freital
Deutschland;Fredy;Ruppert;männlich;nasererhardt@example.net;(00216) 39683;Ortmannplatz 667;81042;Saarbrücken
Deutschland;Kathi;Hendriks;weiblich;cloos@example.com;03591 915587;Gusti-Kuhl-Weg 7;82150;Goslar
Deutschland;Donald;Hoffmann;männlich;jeanette22@example.net;04080351385;Pohlweg 175;25911;Meppen
Deutschland;Elli;Gorlitz;männlich;fschwital@example.org;+49(0) 344486475;Marianna-Losekann-Gasse 614;34757;Angermünde
Deutschland;Luise;Graf;weiblich;gumprichkarola@example.org;+49(0) 048107770;Gießgasse 50;88115;Lüdenscheid
Deutschland;Jan;Gotthard;männlich;krausealan@example.org;0777111312;Alan-Kranz-Weg 219;66878;Vilsbiburg
Deutschland;Sibylla;Beckmann;weiblich;hroehricht@example.com;0379168602;Jolanda-Mohaupt-Platz 896;81326;Wanzleben
Deutschland;Annita;Schmidtke;weiblich;yniemeier@example.net;+49(0) 732455618;Stilla-Heintze-Platz 6/7;21220;Feuchtwangen
Deutschland;Ilka;Sontag;weiblich;sigmarcarsten@example.com;+49(0)9834 78978;Häringstraße 940;91184;Brilon
Deutschland;Mareen;Heß;männlich;johannessauer@example.org;(04430) 19126;Kallertweg 2/9;57695;Spremberg
Deutschland;Dorothea;Mülichen;männlich;wgroettner@example.org;+49(0) 340886016;Dobesweg 402;85380;Gera
Deutschland;Sabrina;Bohnbach;männlich;tintzmannandrzej@example.net;(04195) 38433;Hänelstr. 3;55803;Hansestadttralsund
Deutschland;Gabriel;Cichorius;männlich;rweller@example.org;+49(0)8453 574922;Brunhilde-Döring-Allee 1/8;71569;Kehl
Deutschland;Lothar;Stiebitz;männlich;oestrovskyrocco@example.com;+49(0)8855902622;Gießstraße 2;80881;Melsungen
Deutschland;Eckart;Wernecke;weiblich;floraberger@example.org;01237 93323;Kostolzingasse 3;95052;Kulmbach
Deutschland;Janet;Ehlert;weiblich;eggertgumprich@example.com;0599271908;Niko-Nerger-Straße 708;47760;Badoberan
Deutschland;Claus-Peter;Fischer;männlich;iklotz@example.org;(05774) 038277;Haufferstraße 47;75207;Olpe
Deutschland;Roswitha;Bender;weiblich;schenkzoran@example.org;05142 96354;Herbert-Mans-Ring 7;64973;Mühldorf am Inn
Deutschland;Mirjam;Butte;männlich;rschweitzer@example.com;0030535734;Hans-H.-Jacob-Weg 025;79929;Ebersberg
Deutschland;Hedi;Thies;männlich;ustiebitz@example.com;02405980250;Scholtzallee 76;59569;Grimmen
Deutschland;Max;Reuter;weiblich;qschuster@example.org;00030 035105;Oestrovskyplatz 60;86635;Kulmbach
Deutschland;Wieslaw;Stoll;weiblich;albertokarge@example.net;(06237) 62542;Isabell-Junken-Platz 2/9;43343;Fallingbostel
Deutschland;Brunhilde;Krein;weiblich;margrit50@example.net;(05660) 64887;Dora-Mans-Gasse 79;73959;München
Deutschland;Eckhart;Trapp;weiblich;patriziahertrampf@example.net;+49(0)9166208298;Abdul-Beyer-Gasse 37;53248;Oschatz
Deutschland;Nikolaus;Pruschke;weiblich;mercedeskramer@example.net;+49 (0) 1532 302821;Nelli-Wernecke-Weg 4/5;89177;Deggendorf
Deutschland;Sylvester;Hofmann;weiblich;irma71@example.org;0919729904;Gottlieb-Köhler-Weg 7;29593;Groß-Gerau
Deutschland;Maik;Preiß;männlich;bolzmannhelmuth@example.org;06007154273;Spießring 1/2;87346;Tuttlingen
Deutschland;Elenore;Heinz;männlich;jacobalexandros@example.com;05265 47604;Kata-Förster-Straße 8/3;83565;Forst
Deutschland;Filiz;Hande;weiblich;nelli22@example.net;04870 89840;Amir-Lachmann-Platz 699;03392;Grevesmühlen
Deutschland;Siglinde;Stiebitz;männlich;gkoehler@example.com;06165 700404;Evelin-Adolph-Allee 87;14847;Stadtsteinach
Deutschland;Harald;Schacht;weiblich;ruppersbergerdimitrios@example.net;(09438) 85643;Ringstr. 197;56010;Marienberg
Deutschland;Waltraut;Lindner;männlich;weinholdslawomir@example.org;+49(0)9539 852250;Siegbert-Schmiedt-Ring 1;24987;Hettstedt
Deutschland;Birgit;Sager;weiblich;antonietta96@example.com;(00925) 544576;Elif-Baum-Weg 2;86753;Hohenmölsen
Deutschland;Winfried;Höfig;männlich;lschlosser@example.org;(06202) 907250;Dörschnerstr. 4/3;11809;Dachau
Deutschland;Thorben;Mende;männlich;sontagreinhilde@example.org;04931 864282;Weinhagestr. 3;91930;Gotha
Deutschland;Norma;Nohlmans;weiblich;larspatberg@example.net;+49(0)2918 896644;Baldur-Förster-Ring 1/8;14196;Wunsiedel
Deutschland;Anne-Katrin;Speer;weiblich;meik17@example.com;+49(0)0644 88855;Junckenstraße 169;99834;Meiningen
Deutschland;Johann;Segebahn;weiblich;lara66@example.com;+49(0) 620829657;Reinhild-Becker-Gasse 3/0;22932;Tecklenburg
Deutschland;Burkhardt;Thies;weiblich;froehlichflora@example.org;+49(0)8693058235;Krausgasse 4;34742;Magdeburg
Deutschland;Magdalene;Klemm;männlich;kemalvollbrecht@example.com;(07039) 34261;Juliana-Riehl-Weg 588;31262;Ludwigsburg
Deutschland;Slavica;Carsten;weiblich;beierwolfgang@example.com;(07378) 132716;Sevim-Oderwald-Gasse 5;90587;Roth
Deutschland;Bertha;Junk;weiblich;adrianaschleich@example.net;(06446) 59514;Dippelstr. 1/4;41949;Brand
Deutschland;Silvana;Schmidtke;weiblich;steinberghildburg@example.org;+49(0)7043666609;Natascha-Schaaf-Platz 0/8;02390;Deggendorf
Deutschland;Alex;Drub;männlich;sami09@example.com;05929 450678;Dietzstr. 23;22780;Ansbach
Deutschland;Domenico;Neuschäfer;männlich;dmielcarek@example.org;+49 (0) 0195 501318;Ehrentraud-Thanel-Allee 5/2;32757;Stadtroda
Deutschland;Irmgard;Schaaf;männlich;jwulff@example.org;00505 624629;Roggeallee 37;43157;Gera
Deutschland;Melanie;Schuchhardt;weiblich;scheuermannella@example.org;+49 (0) 6480 222708;Karl-Ernst-Rörricht-Allee 154;58943;Sigmaringen
Deutschland;Rochus;Käster;männlich;egon85@example.org;+49(0)8625911824;Denny-Schmidtke-Gasse 1;86126;Lüdenscheid
Deutschland;Ingeborg;Grein Groth;männlich;xziegert@example.com;+49(0) 454487278;Gutknechtstr. 7;91827;Strausberg
Deutschland;Mariele;Henk;männlich;bonbachelena@example.net;+49 (0) 0928 051379;Paffrathstr. 1/1;64832;Sankt Goarshausen
Deutschland;Liliana;Bachmann;weiblich;oschmiedecke@example.com;+49(0) 782527808;Gertzring 64;47568;Hannover
Deutschland;Gordana;Wagenknecht;weiblich;stollinka@example.net;+49(0)8501 169597;Martine-Anders-Allee 1;56682;Pasewalk
Deutschland;Emmi;Hiller;weiblich;linda26@example.com;06851250220;Roggeweg 0;04978;Rathenow
Deutschland;Abdullah;Drub;männlich;pohlnatalja@example.org;09306046092;Joerg-Schenk-Gasse 6/4;37361;Aachen
Deutschland;Eleonore;Trapp;weiblich;zaenkerrenato@example.com;01607599449;Johannallee 7/1;86187;Aachen
Deutschland;Änne;Hartmann;weiblich;kathrin37@example.com;06207 436151;Geislerstr. 376;03331;Husum
Deutschland;Mariola;Köhler;männlich;beyersabrina@example.org;+49(0)0502 690578;Danny-Jäntsch-Gasse 27;61838;Meppen
Deutschland;Nurten;Geißler;männlich;bhermighausen@example.net;07108 640811;Putzstraße 837;37131;Gießen
Deutschland;Meinhard;Kade;weiblich;hermann-josefdavids@example.net;05170284006;Kuschstraße 0/2;93898;Sternberg
Deutschland;Ingo;Loos;männlich;tpatberg@example.org;02822223950;Jacob-Flantz-Platz 2;96479;Grevesmühlen
Deutschland;Janett;Bolander;weiblich;slavkorosemann@example.com;06033 452353;Ringgasse 36;55303;Melsungen
Deutschland;Marvin;Ditschlerin;männlich;doehnsenol@example.org;+49 (0) 6759 269029;Katja-Römer-Platz 38;38302;Ansbach
Deutschland;Hülya;Zänker;weiblich;liebeltlaura@example.org;+49(0)6220058000;Irmtraut-Mies-Platz 626;77194;Altentreptow
Deutschland;Ortrud;Fiebig;weiblich;zorbachtim@example.com;+49(0)9922 606695;Raymond-Reinhardt-Weg 1/2;65419;Hofgeismar
Deutschland;Calogero;Thanel;männlich;fbecker@example.com;+49(0) 258386126;Rotraud-Butte-Gasse 67;75991;Heiligenstadt
Deutschland;Hans-J.;Hartmann;männlich;dagobert51@example.org;(05166) 376363;Kaulweg 4/1;26307;Northeim
Deutschland;Simone;Bien;weiblich;hella05@example.com;(07691) 44858;Jolanda-Häring-Gasse 817;28521;Bremervörde
Deutschland;Caterina;Ruppersberger;weiblich;albinheinrich@example.com;+49(0)9973409561;Tröstallee 98;51533;Potsdam
Deutschland;Helfried;Schulz;weiblich;schenkrose@example.org;00260 66617;Doreen-Finke-Ring 5;86660;Wittenberg
Deutschland;Ignatz;Reinhardt;weiblich;adahaase@example.net;(07225) 762948;Eimergasse 3/9;71428;Gifhorn
Deutschland;Magarete;Schleich;männlich;weinholdahmed@example.com;+49(0)5525 780342;Mühlering 2/7;97529;Sömmerda
Deutschland;Wanda;Stiffel;weiblich;helen09@example.org;(05460) 486064;Keudelallee 6/9;96431;Meißen
Deutschland;Friedhelm;Briemer;männlich;hans-guentermetz@example.org;0352219520;Steuerallee 36;27862;Eckernförde
Deutschland;Madlen;Bauer;männlich;tkaul@example.com;0967116882;Pieperplatz 98;47915;Grevenbroich
Deutschland;Barbara;Ebert;männlich;andrehaenel@example.com;+49 (0) 2323 082759;Heserstraße 7;17380;Mayen
